{"cameraMode":{"drawMode":0,"name":"Shaded","section":"Shading Mode"},"sceneLighting":false,"audioPlay":false,"sceneViewState":{"showFog":true,"showMaterialUpdate":false,"showSkybox":true,"showFlares":true,"showImageEffects":true,"showParticleSystems":true},"in2DMode":false,"pivot":{"x":-11.525964736938477,"y":45.28499984741211,"z":36.05097961425781},"rotation":{"x":0.2531857490539551,"y":-0.11197865009307862,"z":0.0295243076980114,"w":0.960461437702179},"size":5.0584330558776859,"orthographic":false}