{"cameraMode":{"drawMode":0,"name":"Shaded","section":"Shading Mode"},"sceneLighting":false,"audioPlay":false,"sceneViewState":{"showFog":true,"showMaterialUpdate":false,"showSkybox":true,"showFlares":true,"showImageEffects":true,"showParticleSystems":true},"in2DMode":false,"pivot":{"x":-3.0225086212158205,"y":5.895618915557861,"z":12.644987106323243},"rotation":{"x":-0.08290115743875504,"y":-0.7327550053596497,"z":-0.0907493606209755,"w":0.6692997813224793},"size":108.84393310546875,"orthographic":false}