{"cameraMode":{"drawMode":0,"name":"Shaded","section":"Shading Mode"},"sceneLighting":false,"audioPlay":false,"sceneViewState":{"showFog":true,"showMaterialUpdate":false,"showSkybox":true,"showFlares":true,"showImageEffects":true,"showParticleSystems":true},"in2DMode":false,"pivot":{"x":5.803999900817871,"y":15.496000289916993,"z":9.414999961853028},"rotation":{"x":-0.258022278547287,"y":0.24111013114452363,"z":-0.0666729211807251,"w":-0.9331908822059631},"size":0.857373058795929,"orthographic":false}