{"cameraMode":{"drawMode":0,"name":"Shaded","section":"Shading Mode"},"sceneLighting":true,"audioPlay":false,"sceneViewState":{"showFog":true,"showMaterialUpdate":false,"showSkybox":true,"showFlares":true,"showImageEffects":true,"showParticleSystems":true},"in2DMode":false,"pivot":{"x":-6.311273574829102,"y":13.09593677520752,"z":14.680184364318848},"rotation":{"x":0.21719375252723695,"y":-0.6552446484565735,"z":0.2051188349723816,"w":0.693835437297821},"size":10.063323974609375,"orthographic":false}