{"cameraMode":{"drawMode":0,"name":"Shaded","section":"Shading Mode"},"sceneLighting":false,"audioPlay":false,"sceneViewState":{"showFog":true,"showMaterialUpdate":false,"showSkybox":true,"showFlares":true,"showImageEffects":true,"showParticleSystems":true},"in2DMode":false,"pivot":{"x":-3.28424072265625,"y":0.00394853949546814,"z":0.483309805393219},"rotation":{"x":0.006693932227790356,"y":0.9668651819229126,"z":-0.25392407178878786,"w":0.025484047830104829},"size":5.730647563934326,"orthographic":false}