{"cameraMode":{"drawMode":0,"name":"Shaded","section":"Shading Mode"},"sceneLighting":false,"audioPlay":false,"sceneViewState":{"showFog":true,"showMaterialUpdate":false,"showSkybox":true,"showFlares":true,"showImageEffects":true,"showParticleSystems":true},"in2DMode":false,"pivot":{"x":7.104833126068115,"y":15.33650016784668,"z":9.561012268066407},"rotation":{"x":0.2531857490539551,"y":-0.11197865009307862,"z":0.0295243076980114,"w":0.960461437702179},"size":3.175597667694092,"orthographic":false}