{"cameraMode":{"drawMode":0,"name":"Shaded","section":"Shading Mode"},"sceneLighting":false,"audioPlay":false,"sceneViewState":{"showFog":true,"showMaterialUpdate":false,"showSkybox":true,"showFlares":true,"showImageEffects":true,"showParticleSystems":true},"in2DMode":false,"pivot":{"x":372.99029541015627,"y":783.3895263671875,"z":537.722412109375},"rotation":{"x":0.12475240975618363,"y":-0.1015755757689476,"z":0.01284598745405674,"w":0.9868912696838379},"size":2525.196044921875,"orthographic":false}