{"cameraMode":{"drawMode":0,"name":"Shaded","section":"Shading Mode"},"sceneLighting":false,"audioPlay":false,"sceneViewState":{"showFog":true,"showMaterialUpdate":false,"showSkybox":true,"showFlares":true,"showImageEffects":true,"showParticleSystems":true},"in2DMode":false,"pivot":{"x":0.615668773651123,"y":9.884367942810059,"z":1.2460126876831055},"rotation":{"x":-0.020826024934649469,"y":-0.970022439956665,"z":0.22484788298606873,"w":-0.08981253951787949},"size":13.891874313354493,"orthographic":false}