{"cameraMode":{"drawMode":0,"name":"Shaded","section":"Shading Mode"},"sceneLighting":false,"audioPlay":false,"sceneViewState":{"showFog":true,"showMaterialUpdate":false,"showSkybox":true,"showFlares":true,"showImageEffects":true,"showParticleSystems":true},"in2DMode":false,"pivot":{"x":-0.20824062824249268,"y":0.09225262701511383,"z":3.015890598297119},"rotation":{"x":0.006693932227790356,"y":0.9668651819229126,"z":-0.25392407178878786,"w":0.025484047830104829},"size":5.804869174957275,"orthographic":false}