{"cameraMode":{"drawMode":0,"name":"Shaded","section":"Shading Mode"},"sceneLighting":false,"audioPlay":false,"sceneViewState":{"showFog":true,"showMaterialUpdate":false,"showSkybox":true,"showFlares":true,"showImageEffects":true,"showParticleSystems":true},"in2DMode":false,"pivot":{"x":-0.016659051179885865,"y":0.6813337206840515,"z":0.01130211353302002},"rotation":{"x":0.014990068972110749,"y":-0.0258182343095541,"z":-0.0003874927351716906,"w":-0.9995542168617249},"size":1.9245938062667847,"orthographic":false}