{"cameraMode":{"drawMode":0,"name":"Shaded","section":"Shading Mode"},"sceneLighting":false,"audioPlay":false,"sceneViewState":{"showFog":true,"showMaterialUpdate":false,"showSkybox":true,"showFlares":true,"showImageEffects":true,"showParticleSystems":true},"in2DMode":false,"pivot":{"x":7.703000068664551,"y":15.064000129699707,"z":9.718000411987305},"rotation":{"x":0.4218892455101013,"y":-0.25600674748420718,"z":0.12550288438796998,"w":0.8606504201889038},"size":2.324117422103882,"orthographic":false}