{"cameraMode":{"drawMode":0,"name":"Shaded","section":"Shading Mode"},"sceneLighting":true,"audioPlay":false,"sceneViewState":{"showFog":true,"showMaterialUpdate":false,"showSkybox":true,"showFlares":true,"showImageEffects":true,"showParticleSystems":true},"in2DMode":false,"pivot":{"x":7.219649791717529,"y":16.384239196777345,"z":5.030794620513916},"rotation":{"x":-0.18570981919765473,"y":-0.33958905935287478,"z":0.06857751309871674,"w":-0.9195044040679932},"size":6.00529146194458,"orthographic":false}