{"cameraMode":{"drawMode":0,"name":"Shaded","section":"Shading Mode"},"sceneLighting":false,"audioPlay":false,"sceneViewState":{"showFog":true,"showMaterialUpdate":false,"showSkybox":true,"showFlares":true,"showImageEffects":true,"showParticleSystems":true},"in2DMode":false,"pivot":{"x":2.0167322158813478,"y":1.073674201965332,"z":-0.6650000214576721},"rotation":{"x":0.2531857490539551,"y":-0.11197865009307862,"z":0.0295243076980114,"w":0.960461437702179},"size":0.2857882082462311,"orthographic":false}