{"cameraMode":{"drawMode":0,"name":"Shaded","section":"Shading Mode"},"sceneLighting":true,"audioPlay":false,"sceneViewState":{"showFog":true,"showMaterialUpdate":true,"showSkybox":true,"showFlares":true,"showImageEffects":true,"showParticleSystems":true},"in2DMode":false,"pivot":{"x":30.10883903503418,"y":-1.6545287370681763,"z":15.423173904418946},"rotation":{"x":0.18125461041927339,"y":0.659203290939331,"z":-0.16825690865516663,"w":0.7101320028305054},"size":48.586544036865237,"orthographic":false}