{"cameraMode":{"drawMode":0,"name":"Shaded","section":"Shading Mode"},"sceneLighting":false,"audioPlay":false,"sceneViewState":{"showFog":true,"showMaterialUpdate":false,"showSkybox":true,"showFlares":true,"showImageEffects":true,"showParticleSystems":true},"in2DMode":false,"pivot":{"x":0.0,"y":1.9999996423721314,"z":-1.7881393432617188e-7},"rotation":{"x":-0.14792510867118836,"y":0.0718950554728508,"z":-0.01078366581350565,"w":-0.9863229990005493},"size":8.768648147583008,"orthographic":false}