{"cameraMode":{"drawMode":0,"name":"Shaded","section":"Shading Mode"},"sceneLighting":true,"audioPlay":false,"sceneViewState":{"showFog":true,"showMaterialUpdate":false,"showSkybox":true,"showFlares":true,"showImageEffects":true,"showParticleSystems":true},"in2DMode":false,"pivot":{"x":-7.778487682342529,"y":15.664730072021485,"z":11.902242660522461},"rotation":{"x":0.2981351315975189,"y":-0.505978524684906,"z":0.19184215366840363,"w":0.7863191366195679},"size":3.78983998298645,"orthographic":false}