{"cameraMode":{"drawMode":0,"name":"Shaded","section":"Shading Mode"},"sceneLighting":false,"audioPlay":false,"sceneViewState":{"showFog":true,"showMaterialUpdate":false,"showSkybox":true,"showFlares":true,"showImageEffects":true,"showParticleSystems":true},"in2DMode":false,"pivot":{"x":-5.647390365600586,"y":0.5977673530578613,"z":6.460562705993652},"rotation":{"x":-0.04897154122591019,"y":0.3001478910446167,"z":-0.015432680025696755,"w":-0.9525098204612732},"size":11.46033000946045,"orthographic":false}