{"cameraMode":{"drawMode":0,"name":"Shaded","section":"Shading Mode"},"sceneLighting":true,"audioPlay":false,"sceneViewState":{"showFog":true,"showMaterialUpdate":false,"showSkybox":true,"showFlares":true,"showImageEffects":true,"showParticleSystems":true},"in2DMode":false,"pivot":{"x":8.8712158203125,"y":12.395198822021485,"z":4.987256050109863},"rotation":{"x":0.3434939980506897,"y":0.6393184065818787,"z":-0.38532063364982607,"w":0.569922685623169},"size":7.967528820037842,"orthographic":false}